{
	"credit": "End_Rage waz here",
	"textures": {
		"0": "cgm:items/3d_textures/mini_gun",
		"particle": "cgm:items/3d_textures/mini_gun"
	},
	"elements": [
		{
			"from": [9, 1.5, 0.5],
			"to": [10, 2.5, 8],
			"rotation": {"angle": 0, "axis": "z", "origin": [8, 2, 3.5]},
			"faces": {
				"north": {"uv": [0, 11, 1, 12], "rotation": 270, "texture": "#0"},
				"east": {"uv": [0, 3.5, 1, 11], "rotation": 90, "texture": "#0"},
				"west": {"uv": [0, 11, 1, 3.5], "rotation": 90, "texture": "#0"},
				"up": {"uv": [0, 11, 1, 3.5], "rotation": 180, "texture": "#0"},
				"down": {"uv": [0, 3.5, 1, 11], "rotation": 180, "texture": "#0"}
			}
		},
		{
			"from": [7.5, 3, 0.5],
			"to": [8.5, 4, 8],
			"rotation": {"angle": -45, "axis": "z", "origin": [8, 2, 3.5]},
			"faces": {
				"north": {"uv": [0, 11, 1, 12], "texture": "#0"},
				"east": {"uv": [0, 3.5, 1, 11], "rotation": 90, "texture": "#0"},
				"west": {"uv": [0, 11, 1, 3.5], "rotation": 90, "texture": "#0"},
				"up": {"uv": [0, 3.5, 1, 11], "texture": "#0"},
				"down": {"uv": [0, 11, 1, 3.5], "texture": "#0"}
			}
		},
		{
			"from": [7.5, 0, 0.5],
			"to": [8.5, 1, 8],
			"rotation": {"angle": 0, "axis": "z", "origin": [8, 2, 3.5]},
			"faces": {
				"north": {"uv": [0, 11, 1, 12], "rotation": 180, "texture": "#0"},
				"east": {"uv": [0, 11, 1, 3.5], "rotation": 270, "texture": "#0"},
				"west": {"uv": [0, 3.5, 1, 11], "rotation": 270, "texture": "#0"},
				"up": {"uv": [0, 11, 1, 3.5], "rotation": 180, "texture": "#0"},
				"down": {"uv": [0, 3.5, 1, 11], "rotation": 180, "texture": "#0"}
			}
		},
		{
			"from": [7.5, 0, 0.5],
			"to": [8.5, 1, 8],
			"rotation": {"angle": 45, "axis": "z", "origin": [8, 2, 3.5]},
			"faces": {
				"north": {"uv": [0, 11, 1, 12], "rotation": 180, "texture": "#0"},
				"east": {"uv": [0, 11, 1, 3.5], "rotation": 270, "texture": "#0"},
				"west": {"uv": [0, 3.5, 1, 11], "rotation": 270, "texture": "#0"},
				"up": {"uv": [0, 11, 1, 3.5], "rotation": 180, "texture": "#0"},
				"down": {"uv": [0, 3.5, 1, 11], "rotation": 180, "texture": "#0"}
			}
		},
		{
			"from": [6, 1.5, 0.5],
			"to": [7, 2.5, 8],
			"rotation": {"angle": 45, "axis": "z", "origin": [8, 2, 3.5]},
			"faces": {
				"north": {"uv": [0, 11, 1, 12], "rotation": 90, "texture": "#0"},
				"east": {"uv": [0, 11, 1, 3.5], "rotation": 270, "texture": "#0"},
				"west": {"uv": [0, 3.5, 1, 11], "rotation": 270, "texture": "#0"},
				"up": {"uv": [0, 3.5, 1, 11], "texture": "#0"},
				"down": {"uv": [0, 11, 1, 3.5], "texture": "#0"}
			}
		},
		{
			"from": [6, 1.5, 0.5],
			"to": [7, 2.5, 8],
			"rotation": {"angle": -45, "axis": "z", "origin": [8, 2, 3.5]},
			"faces": {
				"north": {"uv": [0, 11, 1, 12], "rotation": 90, "texture": "#0"},
				"east": {"uv": [0, 11, 1, 3.5], "rotation": 270, "texture": "#0"},
				"west": {"uv": [0, 3.5, 1, 11], "rotation": 270, "texture": "#0"},
				"up": {"uv": [0, 3.5, 1, 11], "texture": "#0"},
				"down": {"uv": [0, 11, 1, 3.5], "texture": "#0"}
			}
		},
		{
			"from": [6, 1.5, 0.5],
			"to": [7, 2.5, 8],
			"rotation": {"angle": 0, "axis": "z", "origin": [8, 2, 3.5]},
			"faces": {
				"north": {"uv": [0, 11, 1, 12], "rotation": 90, "texture": "#0"},
				"east": {"uv": [0, 11, 1, 3.5], "rotation": 270, "texture": "#0"},
				"west": {"uv": [0, 3.5, 1, 11], "rotation": 270, "texture": "#0"},
				"up": {"uv": [0, 3.5, 1, 11], "texture": "#0"},
				"down": {"uv": [0, 11, 1, 3.5], "texture": "#0"}
			}
		},
		{
			"from": [7.5, 3, 0.5],
			"to": [8.5, 4, 8],
			"rotation": {"angle": 0, "axis": "z", "origin": [8, 2, 3.5]},
			"faces": {
				"north": {"uv": [0, 11, 1, 12], "texture": "#0"},
				"east": {"uv": [0, 3.5, 1, 11], "rotation": 90, "texture": "#0"},
				"west": {"uv": [0, 11, 1, 3.5], "rotation": 90, "texture": "#0"},
				"up": {"uv": [0, 3.5, 1, 11], "texture": "#0"},
				"down": {"uv": [0, 11, 1, 3.5], "texture": "#0"}
			}
		},
		{
			"from": [9, 1.5, -2],
			"to": [10, 2.5, -0.5],
			"rotation": {"angle": 0, "axis": "z", "origin": [8, 2, 0.5]},
			"faces": {
				"north": {"uv": [0, 11, 1, 12], "rotation": 270, "texture": "#0"},
				"east": {"uv": [0, 0, 1, 1.5], "rotation": 90, "texture": "#0"},
				"south": {"uv": [0, 0, 1, 1], "rotation": 90, "texture": "#0"},
				"west": {"uv": [0, 1.5, 1, 0], "rotation": 90, "texture": "#0"},
				"up": {"uv": [0, 1.5, 1, 0], "rotation": 180, "texture": "#0"},
				"down": {"uv": [0, 0, 1, 1.5], "rotation": 180, "texture": "#0"}
			}
		},
		{
			"from": [7.5, 3, -2],
			"to": [8.5, 4, -0.5],
			"rotation": {"angle": -45, "axis": "z", "origin": [8, 2, 0.5]},
			"faces": {
				"north": {"uv": [0, 11, 1, 12], "texture": "#0"},
				"east": {"uv": [0, 0, 1, 1.5], "rotation": 90, "texture": "#0"},
				"south": {"uv": [0, 0, 1, 1], "texture": "#0"},
				"west": {"uv": [0, 1.5, 1, 0], "rotation": 90, "texture": "#0"},
				"up": {"uv": [0, 0, 1, 1.5], "texture": "#0"},
				"down": {"uv": [0, 1.5, 1, 0], "texture": "#0"}
			}
		},
		{
			"from": [6, 1.5, -2],
			"to": [7, 2.5, -0.5],
			"rotation": {"angle": 45, "axis": "z", "origin": [8, 2, 0.5]},
			"faces": {
				"north": {"uv": [0, 11, 1, 12], "rotation": 90, "texture": "#0"},
				"east": {"uv": [0, 1.5, 1, 0], "rotation": 270, "texture": "#0"},
				"south": {"uv": [0, 0, 1, 1], "rotation": 270, "texture": "#0"},
				"west": {"uv": [0, 0, 1, 1.5], "rotation": 270, "texture": "#0"},
				"up": {"uv": [0, 0, 1, 1.5], "texture": "#0"},
				"down": {"uv": [0, 1.5, 1, 0], "texture": "#0"}
			}
		},
		{
			"from": [7.5, 0, -2],
			"to": [8.5, 1, -0.5],
			"rotation": {"angle": 45, "axis": "z", "origin": [8, 2, 0.5]},
			"faces": {
				"north": {"uv": [0, 11, 1, 12], "rotation": 180, "texture": "#0"},
				"east": {"uv": [0, 1.5, 1, 0], "rotation": 270, "texture": "#0"},
				"south": {"uv": [0, 0, 1, 1], "rotation": 180, "texture": "#0"},
				"west": {"uv": [0, 0, 1, 1.5], "rotation": 270, "texture": "#0"},
				"up": {"uv": [0, 1.5, 1, 0], "rotation": 180, "texture": "#0"},
				"down": {"uv": [0, 0, 1, 1.5], "rotation": 180, "texture": "#0"}
			}
		},
		{
			"from": [7.5, 0, -2],
			"to": [8.5, 1, -0.5],
			"rotation": {"angle": 0, "axis": "z", "origin": [8, 2, 0.5]},
			"faces": {
				"north": {"uv": [0, 11, 1, 12], "rotation": 180, "texture": "#0"},
				"east": {"uv": [0, 1.5, 1, 0], "rotation": 270, "texture": "#0"},
				"south": {"uv": [0, 0, 1, 1], "rotation": 180, "texture": "#0"},
				"west": {"uv": [0, 0, 1, 1.5], "rotation": 270, "texture": "#0"},
				"up": {"uv": [0, 1.5, 1, 0], "rotation": 180, "texture": "#0"},
				"down": {"uv": [0, 0, 1, 1.5], "rotation": 180, "texture": "#0"}
			}
		},
		{
			"from": [7.5, 3, -2],
			"to": [8.5, 4, -0.5],
			"rotation": {"angle": 0, "axis": "z", "origin": [8, 2, 0.5]},
			"faces": {
				"north": {"uv": [0, 11, 1, 12], "texture": "#0"},
				"east": {"uv": [0, 0, 1, 1.5], "rotation": 90, "texture": "#0"},
				"south": {"uv": [0, 0, 1, 1], "texture": "#0"},
				"west": {"uv": [0, 1.5, 1, 0], "rotation": 90, "texture": "#0"},
				"up": {"uv": [0, 0, 1, 1.5], "texture": "#0"},
				"down": {"uv": [0, 1.5, 1, 0], "texture": "#0"}
			}
		},
		{
			"from": [6, 1.5, -2],
			"to": [7, 2.5, -0.5],
			"rotation": {"angle": 0, "axis": "z", "origin": [8, 2, 0.5]},
			"faces": {
				"north": {"uv": [0, 11, 1, 12], "rotation": 90, "texture": "#0"},
				"east": {"uv": [0, 1.5, 1, 0], "rotation": 270, "texture": "#0"},
				"south": {"uv": [0, 0, 1, 1], "rotation": 270, "texture": "#0"},
				"west": {"uv": [0, 0, 1, 1.5], "rotation": 270, "texture": "#0"},
				"up": {"uv": [0, 0, 1, 1.5], "texture": "#0"},
				"down": {"uv": [0, 1.5, 1, 0], "texture": "#0"}
			}
		},
		{
			"from": [6, 1.5, -2],
			"to": [7, 2.5, -0.5],
			"rotation": {"angle": -45, "axis": "z", "origin": [8, 2, 0.5]},
			"faces": {
				"north": {"uv": [0, 11, 1, 12], "rotation": 90, "texture": "#0"},
				"east": {"uv": [0, 1.5, 1, 0], "rotation": 270, "texture": "#0"},
				"south": {"uv": [0, 0, 1, 1], "rotation": 270, "texture": "#0"},
				"west": {"uv": [0, 0, 1, 1.5], "rotation": 270, "texture": "#0"},
				"up": {"uv": [0, 0, 1, 1.5], "texture": "#0"},
				"down": {"uv": [0, 1.5, 1, 0], "texture": "#0"}
			}
		},
		{
			"name": "octagon",
			"from": [7.17157, 2.75, 8],
			"to": [8.82843, 4, 9],
			"rotation": {"angle": 0, "axis": "z", "origin": [8, 2, 8.5]},
			"faces": {
				"north": {"uv": [1, 1, 2.5, 2], "texture": "#0", "tintindex": 0},
				"south": {"uv": [1, 1, 2.5, 2], "texture": "#0", "tintindex": 0},
				"up": {"uv": [1, 0, 2.5, 1], "texture": "#0", "tintindex": 0}
			}
		},
		{
			"name": "octagon",
			"from": [7.17157, 2.75, 8],
			"to": [8.82843, 4, 9],
			"rotation": {"angle": 45, "axis": "z", "origin": [8, 2, 8.5]},
			"faces": {
				"north": {"uv": [1, 1, 2.5, 2], "texture": "#0", "tintindex": 0},
				"south": {"uv": [1, 1, 2.5, 2], "texture": "#0", "tintindex": 0},
				"up": {"uv": [1, 0, 2.5, 1], "texture": "#0", "tintindex": 0}
			}
		},
		{
			"name": "octagon",
			"from": [6, 1.17157, 8],
			"to": [7.25, 2.82843, 9],
			"rotation": {"angle": 0, "axis": "z", "origin": [8, 2, 8.5]},
			"faces": {
				"north": {"uv": [1, 1, 2.5, 2], "rotation": 90, "texture": "#0", "tintindex": 0},
				"south": {"uv": [1, 1, 2.5, 2], "rotation": 270, "texture": "#0", "tintindex": 0},
				"west": {"uv": [1, 0, 2.5, 1], "rotation": 270, "texture": "#0", "tintindex": 0}
			}
		},
		{
			"name": "octagon",
			"from": [6, 1.17157, 8],
			"to": [7.25, 2.82843, 9],
			"rotation": {"angle": 45, "axis": "z", "origin": [8, 2, 8.5]},
			"faces": {
				"north": {"uv": [1, 1, 2.5, 2], "rotation": 90, "texture": "#0", "tintindex": 0},
				"south": {"uv": [1, 1, 2.5, 2], "rotation": 270, "texture": "#0", "tintindex": 0},
				"west": {"uv": [1, 0, 2.5, 1], "rotation": 270, "texture": "#0", "tintindex": 0}
			}
		},
		{
			"name": "octagon",
			"from": [7.17157, 0, 8],
			"to": [8.82843, 1.25, 9],
			"rotation": {"angle": 0, "axis": "z", "origin": [8, 2, 8.5]},
			"faces": {
				"north": {"uv": [1, 1, 2.5, 2], "rotation": 180, "texture": "#0", "tintindex": 0},
				"south": {"uv": [1, 1, 2.5, 2], "rotation": 180, "texture": "#0", "tintindex": 0},
				"down": {"uv": [1, 0, 2.5, 1], "rotation": 180, "texture": "#0", "tintindex": 0}
			}
		},
		{
			"name": "octagon",
			"from": [8.75, 1.17157, 8],
			"to": [10, 2.82843, 9],
			"rotation": {"angle": 45, "axis": "z", "origin": [8, 2, 8.5]},
			"faces": {
				"north": {"uv": [1, 1, 2.5, 2], "rotation": 270, "texture": "#0", "tintindex": 0},
				"east": {"uv": [1, 0, 2.5, 1], "rotation": 90, "texture": "#0", "tintindex": 0},
				"south": {"uv": [1, 1, 2.5, 2], "rotation": 90, "texture": "#0", "tintindex": 0}
			}
		},
		{
			"name": "octagon",
			"from": [8.75, 1.17157, 8],
			"to": [10, 2.82843, 9],
			"rotation": {"angle": 0, "axis": "z", "origin": [8, 2, 8.5]},
			"faces": {
				"north": {"uv": [1, 1, 2.5, 2], "rotation": 270, "texture": "#0", "tintindex": 0},
				"east": {"uv": [1, 0, 2.5, 1], "rotation": 90, "texture": "#0", "tintindex": 0},
				"south": {"uv": [1, 1, 2.5, 2], "rotation": 90, "texture": "#0", "tintindex": 0}
			}
		},
		{
			"name": "octagon",
			"from": [7.17157, 0, 8],
			"to": [8.82843, 1.25, 9],
			"rotation": {"angle": 45, "axis": "z", "origin": [8, 2, 8.5]},
			"faces": {
				"north": {"uv": [1, 1, 2.5, 2], "rotation": 180, "texture": "#0", "tintindex": 0},
				"south": {"uv": [1, 1, 2.5, 2], "rotation": 180, "texture": "#0", "tintindex": 0},
				"down": {"uv": [1, 0, 2.5, 1], "rotation": 180, "texture": "#0", "tintindex": 0}
			}
		},
		{
			"name": "octagon",
			"from": [7.17157, 2.75, -0.5],
			"to": [8.82843, 4, 0.5],
			"rotation": {"angle": 0, "axis": "z", "origin": [8, 2, 0]},
			"faces": {
				"north": {"uv": [1, 1, 2.5, 2], "texture": "#0", "tintindex": 0},
				"south": {"uv": [1, 1, 2.5, 2], "texture": "#0", "tintindex": 0},
				"up": {"uv": [1, 0, 2.5, 1], "texture": "#0", "tintindex": 0}
			}
		},
		{
			"name": "octagon",
			"from": [7.17157, 2.75, -0.5],
			"to": [8.82843, 4, 0.5],
			"rotation": {"angle": 45, "axis": "z", "origin": [8, 2, 0]},
			"faces": {
				"north": {"uv": [1, 1, 2.5, 2], "texture": "#0", "tintindex": 0},
				"south": {"uv": [1, 1, 2.5, 2], "texture": "#0", "tintindex": 0},
				"up": {"uv": [1, 0, 2.5, 1], "texture": "#0", "tintindex": 0}
			}
		},
		{
			"name": "octagon",
			"from": [6, 1.17157, -0.5],
			"to": [7.25, 2.82843, 0.5],
			"rotation": {"angle": 0, "axis": "z", "origin": [8, 2, 0]},
			"faces": {
				"north": {"uv": [1, 1, 2.5, 2], "rotation": 90, "texture": "#0", "tintindex": 0},
				"south": {"uv": [1, 1, 2.5, 2], "rotation": 270, "texture": "#0", "tintindex": 0},
				"west": {"uv": [1, 0, 2.5, 1], "rotation": 270, "texture": "#0", "tintindex": 0}
			}
		},
		{
			"name": "octagon",
			"from": [6, 1.17157, -0.5],
			"to": [7.25, 2.82843, 0.5],
			"rotation": {"angle": 45, "axis": "z", "origin": [8, 2, 0]},
			"faces": {
				"north": {"uv": [1, 1, 2.5, 2], "rotation": 90, "texture": "#0", "tintindex": 0},
				"south": {"uv": [1, 1, 2.5, 2], "rotation": 270, "texture": "#0", "tintindex": 0},
				"west": {"uv": [1, 0, 2.5, 1], "rotation": 270, "texture": "#0", "tintindex": 0}
			}
		},
		{
			"name": "octagon",
			"from": [7.17157, 0, -0.5],
			"to": [8.82843, 1.25, 0.5],
			"rotation": {"angle": 0, "axis": "z", "origin": [8, 2, 0]},
			"faces": {
				"north": {"uv": [1, 1, 2.5, 2], "rotation": 180, "texture": "#0", "tintindex": 0},
				"south": {"uv": [1, 1, 2.5, 2], "rotation": 180, "texture": "#0", "tintindex": 0},
				"down": {"uv": [1, 0, 2.5, 1], "rotation": 180, "texture": "#0", "tintindex": 0}
			}
		},
		{
			"name": "octagon",
			"from": [8.75, 1.17157, -0.5],
			"to": [10, 2.82843, 0.5],
			"rotation": {"angle": 45, "axis": "z", "origin": [8, 2, 0]},
			"faces": {
				"north": {"uv": [1, 1, 2.5, 2], "rotation": 270, "texture": "#0", "tintindex": 0},
				"east": {"uv": [1, 0, 2.5, 1], "rotation": 90, "texture": "#0", "tintindex": 0},
				"south": {"uv": [1, 1, 2.5, 2], "rotation": 90, "texture": "#0", "tintindex": 0}
			}
		},
		{
			"name": "octagon",
			"from": [8.75, 1.17157, -0.5],
			"to": [10, 2.82843, 0.5],
			"rotation": {"angle": 0, "axis": "z", "origin": [8, 2, 0]},
			"faces": {
				"north": {"uv": [1, 1, 2.5, 2], "rotation": 270, "texture": "#0", "tintindex": 0},
				"east": {"uv": [1, 0, 2.5, 1], "rotation": 90, "texture": "#0", "tintindex": 0},
				"south": {"uv": [1, 1, 2.5, 2], "rotation": 90, "texture": "#0", "tintindex": 0}
			}
		},
		{
			"name": "octagon",
			"from": [7.17157, 0, -0.5],
			"to": [8.82843, 1.25, 0.5],
			"rotation": {"angle": 45, "axis": "z", "origin": [8, 2, 0]},
			"faces": {
				"north": {"uv": [1, 1, 2.5, 2], "rotation": 180, "texture": "#0", "tintindex": 0},
				"south": {"uv": [1, 1, 2.5, 2], "rotation": 180, "texture": "#0", "tintindex": 0},
				"down": {"uv": [1, 0, 2.5, 1], "rotation": 180, "texture": "#0", "tintindex": 0}
			}
		},
		{
			"name": "middle",
			"from": [7.5, 1.5, -3],
			"to": [8.5, 2.5, 8],
			"faces": {
				"north": {"uv": [0, 10, 1, 11], "texture": "#0"},
				"east": {"uv": [0, 0, 1, 11], "rotation": 90, "texture": "#0"},
				"west": {"uv": [0, 11, 1, 0], "rotation": 90, "texture": "#0"},
				"up": {"uv": [0, 0, 1, 11], "texture": "#0"},
				"down": {"uv": [0, 11, 1, 0], "texture": "#0"}
			}
		}
	],
	"groups": [
		{
			"name": "barrel",
			"origin": [8, 2, 5],
			"color": 0,
			"children": [0, 1, 2, 3, 4, 5, 6, 7, 8, 9, 10, 11, 12, 13, 14, 15]
		},
		{
			"name": "ring",
			"origin": [8, 8, 8],
			"color": 0,
			"children": [16, 17, 18, 19, 20, 21, 22, 23]
		},
		{
			"name": "ring",
			"origin": [8, 8, 8],
			"color": 0,
			"children": [24, 25, 26, 27, 28, 29, 30, 31]
		},
		32
	]
}