{
  "display": {
    "flash": {
      "yOffset": 2.7,
      "zOffset": -11.51
    }
  },
  "general": {
    "alwaysSpread": true,
    "auto": true,
    "gripType": "cgm:mini_gun",
    "maxAmmo": 32,
    "rate": 4,
    "recoilAngle": 2.0,
    "reloadAmount": 2,
    "spread": 30.0
  },
  "modules": {
    "zoom": {
      "fovModifier": 1.0,
      "xOffset": 3.0,
      "yOffset": 5.5,
      "zOffset": 16.0
    }
  },
  "projectile": {
    "damage": 5.0,
    "item": "cgm:basic_bullet",
    "life": 30,
    "size": 0.5,
    "speed": 8.0
  },
  "sounds": {
    "enchantedFire": "cgm:item.mini_gun.enchanted_fire",
    "fire": "cgm:item.mini_gun.fire",
    "reload": "cgm:item.pistol.reload"
  }
}