{
  "display": {
    "flash": {
      "yOffset": 3.8365,
      "zOffset": -10.21
    }
  },
  "general": {
    "alwaysSpread": true,
    "gripType": "cgm:two_handed",
    "maxAmmo": 5,
    "rate": 20,
    "recoilAdsReduction": 0.5,
    "recoilAngle": 15.0,
    "recoilKick": 3.5,
    "reloadAmount": 1,
    "spread": 1.0
  },
  "modules": {
    "attachments": {
      "barrel": {
        "scale": 1.0,
        "yOffset": 3.5,
        "zOffset": -4.0
      },
      "scope": {
        "yOffset": 8.3,
        "zOffset": 3.3
      },
      "stock": {
        "yOffset": 3.1294,
        "zOffset": 8.3
      },
      "underBarrel": {
        "yOffset": 2.63,
        "zOffset": -0.5
      }
    },
    "zoom": {
      "fovModifier": 0.7
    }
  },
  "projectile": {
    "damage": 15.0,
    "gravity": true,
    "item": "cgm:advanced_bullet",
    "life": 30,
    "size": 0.2,
    "speed": 20.0
  },
  "sounds": {
    "cock": "cgm:item.rifle.cock",
    "enchantedFire": "cgm:item.rifle.enchanted_fire",
    "fire": "cgm:item.rifle.fire",
    "reload": "cgm:item.pistol.reload",
    "silencedFire": "cgm:item.rifle.silenced_fire"
  }
}