{
  "display": {
    "flash": {
      "yOffset": 3.6505,
      "zOffset": -3.81
    }
  },
  "general": {
    "alwaysSpread": true,
    "gripType": "cgm:two_handed",
    "maxAmmo": 2,
    "projectileAmount": 5,
    "rate": 8,
    "recoilAdsReduction": 0.3,
    "recoilAngle": 12.0,
    "recoilKick": 1.85,
    "reloadAmount": 1,
    "spread": 40.0
  },
  "modules": {
    "attachments": {
      "scope": {
        "yOffset": 4.4,
        "zOffset": 4.0
      },
      "stock": {
        "yOffset": 3.6506,
        "zOffset": 8.4
      }
    },
    "zoom": {
      "fovModifier": 0.7,
      "yOffset": 5.1,
      "zOffset": 3.2
    }
  },
  "projectile": {
    "damage": 18.0,
    "gravity": true,
    "item": "cgm:shell",
    "life": 5,
    "size": 1.0,
    "speed": 10.0
  },
  "sounds": {
    "cock": "cgm:item.shotgun.cock",
    "enchantedFire": "cgm:item.shotgun.enchanted_fire",
    "fire": "cgm:item.shotgun.fire",
    "reload": "cgm:item.pistol.reload",
    "silencedFire": "cgm:item.shotgun.silenced_fire"
  }
}