{
	"credit": "End_Rage waz here",
	"texture_size": [8, 8],
	"textures": {
		"1": "cgm:items/3d_textures/tactical_grip",
		"particle": "cgm:items/3d_textures/tactical_grip"
	},
	"elements": [
		{
			"from": [7.5, 7.5, 6],
			"to": [8.5, 8.5, 10],
			"rotation": {"angle": 0, "axis": "y", "origin": [8, 9, 11.5]},
			"faces": {
				"north": {"uv": [5, 2, 7, 4], "texture": "#1"},
				"east": {"uv": [0, 2, 8, 4], "texture": "#1"},
				"south": {"uv": [4, 0, 6, 2], "texture": "#1"},
				"west": {"uv": [8, 2, 0, 4], "texture": "#1"},
				"up": {"uv": [0, 0, 8, 2], "rotation": 90, "texture": "#1"},
				"down": {"uv": [0, 4, 8, 6], "rotation": 90, "texture": "#1"}
			}
		},
		{
			"from": [7.5001, 7.30343, 7.4609],
			"to": [8.4991, 8.30343, 9.9609],
			"rotation": {"angle": 22.5, "axis": "x", "origin": [8, 7.80343, 7.9609]},
			"faces": {
				"north": {"uv": [0, 4, 1.998, 6], "texture": "#1"},
				"east": {"uv": [0, 4, 5, 6], "texture": "#1"},
				"south": {"uv": [3, 0, 5, 1.998], "rotation": 90, "texture": "#1"},
				"west": {"uv": [5, 4, 0, 6], "texture": "#1"},
				"up": {"uv": [0, 4, 5, 5.998], "rotation": 90, "texture": "#1"},
				"down": {"uv": [0, 4, 5, 5.998], "rotation": 90, "texture": "#1"}
			}
		}
	],
	"display": {
		"thirdperson_righthand": {
			"rotation": [90, 0, 0],
			"translation": [0, 0.75, 1.75],
			"scale": [1.2, 1.2, 1.2]
		},
		"firstperson_righthand": {
			"translation": [-3.5, 5.25, 5.75]
		},
		"ground": {
			"translation": [0, -0.25, 0],
			"scale": [1.5, 1.5, 1.5]
		},
		"gui": {
			"rotation": [30, 225, 0],
			"translation": [-0.25, 1, 0],
			"scale": [3, 3, 3]
		},
		"fixed": {
			"rotation": [0, 90, 0],
			"translation": [-0.25, 1.25, -1.75],
			"scale": [2.5, 2.5, 2.5]
		}
	}
}