{
	"credit": "End_Rage waz here",
	"textures": {
		"1": "cgm:items/3d_textures/tactical_stock"
	},
	"elements": [
		{
			"from": [7.5, 7.5, 8.5],
			"to": [8.5, 10, 13.5],
			"rotation": {"angle": 0, "axis": "y", "origin": [8, 8.75, 11]},
			"faces": {
				"north": {"uv": [0, 9, 2, 14], "texture": "#1"},
				"east": {"uv": [0, 0, 10, 5], "texture": "#1"},
				"south": {"uv": [12, 0, 14, 5], "texture": "#1"},
				"west": {"uv": [10, 0, 0, 5], "texture": "#1"},
				"up": {"uv": [10, 7, 0, 5], "rotation": 90, "texture": "#1"},
				"down": {"uv": [0, 9, 10, 7], "rotation": 90, "texture": "#1"}
			}
		},
		{
			"from": [7.5, 7.5, 7.5],
			"to": [8.5, 9, 8.5],
			"rotation": {"angle": 0, "axis": "y", "origin": [7.75625, 2.5, 4]},
			"faces": {
				"north": {"uv": [2, 9, 4, 12], "texture": "#1"},
				"east": {"uv": [4, 9, 6, 12], "texture": "#1"},
				"west": {"uv": [6, 9, 8, 12], "texture": "#1"},
				"up": {"uv": [10, 11, 8, 9], "texture": "#1"},
				"down": {"uv": [10, 9, 8, 11], "texture": "#1"}
			}
		}
	],
	"display": {
		"thirdperson_righthand": {
			"translation": [0, 1, -3.75],
			"scale": [1.1, 1.1, 1.1]
		},
		"firstperson_righthand": {
			"translation": [-3.5, 6, 3],
			"scale": [0.8, 0.8, 0.8]
		},
		"ground": {
			"translation": [0, 5, -2.75]
		},
		"gui": {
			"rotation": [30, 225, 0],
			"translation": [4.75, -0.25, 0],
			"scale": [2.5, 2.5, 2.5]
		},
		"fixed": {
			"rotation": [0, 90, 0],
			"translation": [-5, 2.75, -1.25],
			"scale": [2, 2, 2]
		}
	}
}