{
  "parent": "minecraft:recipes/root",
  "criteria": {
    "has_gray_wool": {
      "conditions": {
        "items": [
          {
            "items": [
              "minecraft:gray_wool"
            ]
          }
        ]
      },
      "trigger": "minecraft:inventory_changed"
    },
    "has_iron_ingot": {
      "conditions": {
        "items": [
          {
            "tag": "forge:nuggets/iron"
          }
        ]
      },
      "trigger": "minecraft:inventory_changed"
    },
    "has_the_recipe": {
      "conditions": {
        "recipe": "cgm:specialised_grip"
      },
      "trigger": "minecraft:recipe_unlocked"
    }
  },
  "requirements": [
    [
      "has_iron_ingot",
      "has_gray_wool",
      "has_the_recipe"
    ]
  ],
  "rewards": {
    "recipes": [
      "cgm:specialised_grip"
    ]
  }
}