{
  "type": "cgm:workbench",
  "materials": [
    {
      "count": 1,
      "tag": "forge:stripped_logs"
    },
    {
      "count": 1,
      "item": "create:brass_sheet"
    },
    {
      "count": 4,
      "item": "create:sturdy_sheet"
    },
    {
      "count": 1,
      "item": "create:cogwheel"
    },
    {
      "count": 1,
      "item": "minecraft:lever"
    }
  ],
  "result": {
    "item": "cgm:pistol",
    "nbt": {
      "display": {
        "Name": "{\"text\":\"Caplock Pistol\",\"italic\":false}"
      },
      "Model": {
        "Count":1,
        "id":"create:brass_hand",
        "tag":{"CustomModelData":1}
      },
      "Gun": {
        "General": {
          "MaxAmmo": 2,
          "Rate": 8,
          "Spread": 3.0
        },
        "Modules": {
          "Attachments": {
            "Barrel": {}
          }
        },
        "Projectile": {
          "Damage": 9.0
        }
      }
    }
  }
}
